path,text,group,tone,why,kinds
SOUNDS/en/SCRIPTS/BETAFLIGHT/p.wav,P term,extras,calm,A prompt the Betaflight telemetry script plays.,quad
SOUNDS/en/SCRIPTS/BETAFLIGHT/i.wav,I term,extras,calm,A prompt the Betaflight telemetry script plays.,quad
SOUNDS/en/SCRIPTS/BETAFLIGHT/d.wav,D term,extras,calm,A prompt the Betaflight telemetry script plays.,quad
SOUNDS/en/SCRIPTS/BETAFLIGHT/dsetpt.wav,D setpoint,extras,calm,A prompt the Betaflight telemetry script plays.,quad
SOUNDS/en/SCRIPTS/INAV/acromd.wav,Acro mode,extras,calm,A prompt the Inav telemetry script plays.,
SOUNDS/en/SCRIPTS/INAV/active.wav,Active,extras,calm,A prompt the Inav telemetry script plays.,
SOUNDS/en/SCRIPTS/INAV/althld.wav,Altitude hold,extras,calm,A prompt the Inav telemetry script plays.,
SOUNDS/en/SCRIPTS/INAV/anglmd.wav,Angle mode,extras,calm,A prompt the Inav telemetry script plays.,
SOUNDS/en/SCRIPTS/INAV/batcrt.wav,Battery critical,extras,alert,A prompt the Inav telemetry script plays.,
SOUNDS/en/SCRIPTS/INAV/batlow.wav,Low battery,extras,alert,A prompt the Inav telemetry script plays.,
SOUNDS/en/SCRIPTS/INAV/battry.wav,Battery,extras,calm,A prompt the Inav telemetry script plays.,
SOUNDS/en/SCRIPTS/INAV/cruzmd.wav,Cruise mode,extras,calm,A prompt the Inav telemetry script plays.,
SOUNDS/en/SCRIPTS/INAV/danger.wav,Danger,extras,alert,A prompt the Inav telemetry script plays.,
SOUNDS/en/SCRIPTS/INAV/engarm.wav,Engines armed,extras,calm,A prompt the Inav telemetry script plays.,
SOUNDS/en/SCRIPTS/INAV/engdrm.wav,Engines disarmed,extras,calm,A prompt the Inav telemetry script plays.,
SOUNDS/en/SCRIPTS/INAV/fsoff.wav,Failsafe off,extras,calm,A prompt the Inav telemetry script plays.,
SOUNDS/en/SCRIPTS/INAV/fson.wav,Failsafe on,extras,calm,A prompt the Inav telemetry script plays.,
SOUNDS/en/SCRIPTS/INAV/good.wav,Good,extras,calm,A prompt the Inav telemetry script plays.,
SOUNDS/en/SCRIPTS/INAV/gps.wav,GPS,extras,calm,A prompt the Inav telemetry script plays.,
SOUNDS/en/SCRIPTS/INAV/hedhlda.wav,Heading hold active,extras,calm,A prompt the Inav telemetry script plays.,
SOUNDS/en/SCRIPTS/INAV/hedhld.wav,Heading hold,extras,calm,A prompt the Inav telemetry script plays.,
SOUNDS/en/SCRIPTS/INAV/hfact.wav,Headfree active,extras,calm,A prompt the Inav telemetry script plays.,
SOUNDS/en/SCRIPTS/INAV/hfoff.wav,Headfree off,extras,calm,A prompt the Inav telemetry script plays.,
SOUNDS/en/SCRIPTS/INAV/homrst.wav,Home reset,extras,calm,A prompt the Inav telemetry script plays.,
SOUNDS/en/SCRIPTS/INAV/hrznmd.wav,Horizon mode,extras,calm,A prompt the Inav telemetry script plays.,
SOUNDS/en/SCRIPTS/INAV/lost.wav,Lost,extras,alert,A prompt the Inav telemetry script plays.,
SOUNDS/en/SCRIPTS/INAV/manmd.wav,Manual mode,extras,calm,A prompt the Inav telemetry script plays.,
SOUNDS/en/SCRIPTS/INAV/normal.wav,Normal,extras,calm,A prompt the Inav telemetry script plays.,
SOUNDS/en/SCRIPTS/INAV/off.wav,Off,extras,calm,A prompt the Inav telemetry script plays.,
SOUNDS/en/SCRIPTS/INAV/on.wav,On,extras,calm,A prompt the Inav telemetry script plays.,
SOUNDS/en/SCRIPTS/INAV/poshld.wav,Position hold,extras,calm,A prompt the Inav telemetry script plays.,
SOUNDS/en/SCRIPTS/INAV/ready.wav,Ready to fly,extras,calm,A prompt the Inav telemetry script plays.,
SOUNDS/en/SCRIPTS/INAV/rtl.wav,Return to launch,extras,calm,A prompt the Inav telemetry script plays.,
SOUNDS/en/SCRIPTS/INAV/toohgh.wav,Too high,extras,alert,A prompt the Inav telemetry script plays.,
SOUNDS/en/SCRIPTS/INAV/warnng.wav,Warning,extras,alert,A prompt the Inav telemetry script plays.,
SOUNDS/en/SCRIPTS/INAV/waypt.wav,Waypoint,extras,calm,A prompt the Inav telemetry script plays.,
SOUNDS/en/SCRIPTS/YAAPU/acro.wav,Acro flight mode,extras,calm,A prompt the Yaapu telemetry script plays.,
SOUNDS/en/SCRIPTS/YAAPU/acro_r.wav,Acro mode,extras,calm,A prompt the Yaapu telemetry script plays.,
SOUNDS/en/SCRIPTS/YAAPU/alt.wav,Altitude,extras,calm,A prompt the Yaapu telemetry script plays.,
SOUNDS/en/SCRIPTS/YAAPU/althold.wav,Altitude hold flight mode,extras,calm,A prompt the Yaapu telemetry script plays.,
SOUNDS/en/SCRIPTS/YAAPU/armed.wav,Motors armed,extras,calm,A prompt the Yaapu telemetry script plays.,
SOUNDS/en/SCRIPTS/YAAPU/auto.wav,Auto flight mode,extras,calm,A prompt the Yaapu telemetry script plays.,
SOUNDS/en/SCRIPTS/YAAPU/auto_r.wav,Auto mode,extras,calm,A prompt the Yaapu telemetry script plays.,
SOUNDS/en/SCRIPTS/YAAPU/autortl.wav,Auto RTL flight mode,extras,calm,A prompt the Yaapu telemetry script plays.,
SOUNDS/en/SCRIPTS/YAAPU/autotune.wav,Autotune enabled,extras,calm,A prompt the Yaapu telemetry script plays.,
SOUNDS/en/SCRIPTS/YAAPU/avoidadsb.wav,Avoid A D S B flight mode,extras,calm,A prompt the Yaapu telemetry script plays.,
SOUNDS/en/SCRIPTS/YAAPU/bat5.wav,Battery at five percent,extras,calm,A prompt the Yaapu telemetry script plays.,
SOUNDS/en/SCRIPTS/YAAPU/bat10.wav,Battery at ten percent,extras,calm,A prompt the Yaapu telemetry script plays.,
SOUNDS/en/SCRIPTS/YAAPU/bat15.wav,Battery at fifteen percent,extras,calm,A prompt the Yaapu telemetry script plays.,
SOUNDS/en/SCRIPTS/YAAPU/bat20.wav,Battery at twenty percent,extras,calm,A prompt the Yaapu telemetry script plays.,
SOUNDS/en/SCRIPTS/YAAPU/bat25.wav,Battery at twenty five percent,extras,calm,A prompt the Yaapu telemetry script plays.,
SOUNDS/en/SCRIPTS/YAAPU/bat30.wav,Battery at thirty percent,extras,calm,A prompt the Yaapu telemetry script plays.,
SOUNDS/en/SCRIPTS/YAAPU/bat40.wav,Battery at forty percent,extras,calm,A prompt the Yaapu telemetry script plays.,
SOUNDS/en/SCRIPTS/YAAPU/bat50.wav,Battery at fifty percent,extras,calm,A prompt the Yaapu telemetry script plays.,
SOUNDS/en/SCRIPTS/YAAPU/bat60.wav,Battery at sixty percent,extras,calm,A prompt the Yaapu telemetry script plays.,
SOUNDS/en/SCRIPTS/YAAPU/bat70.wav,Battery at seventy percent,extras,calm,A prompt the Yaapu telemetry script plays.,
SOUNDS/en/SCRIPTS/YAAPU/bat80.wav,Battery at eighty percent,extras,calm,A prompt the Yaapu telemetry script plays.,
SOUNDS/en/SCRIPTS/YAAPU/bat90.wav,Battery at ninety percent,extras,calm,A prompt the Yaapu telemetry script plays.,
SOUNDS/en/SCRIPTS/YAAPU/batalert.wav,Battery alert,extras,alert,A prompt the Yaapu telemetry script plays.,
SOUNDS/en/SCRIPTS/YAAPU/batalert1.wav,Battery level one alert,extras,alert,A prompt the Yaapu telemetry script plays.,
SOUNDS/en/SCRIPTS/YAAPU/batalert2.wav,Battery level two alert,extras,alert,A prompt the Yaapu telemetry script plays.,
SOUNDS/en/SCRIPTS/YAAPU/brake.wav,Brake flight mode,extras,calm,A prompt the Yaapu telemetry script plays.,
SOUNDS/en/SCRIPTS/YAAPU/circle.wav,Circle flight mode,extras,calm,A prompt the Yaapu telemetry script plays.,
SOUNDS/en/SCRIPTS/YAAPU/cruise.wav,Cruise flight mode,extras,calm,A prompt the Yaapu telemetry script plays.,
SOUNDS/en/SCRIPTS/YAAPU/disarmed.wav,Motors disarmed,extras,calm,A prompt the Yaapu telemetry script plays.,
SOUNDS/en/SCRIPTS/YAAPU/dist.wav,Distance,extras,calm,A prompt the Yaapu telemetry script plays.,
SOUNDS/en/SCRIPTS/YAAPU/drift.wav,Drift flight mode,extras,calm,A prompt the Yaapu telemetry script plays.,
SOUNDS/en/SCRIPTS/YAAPU/ekf.wav,E K F failsafe,extras,calm,A prompt the Yaapu telemetry script plays.,
SOUNDS/en/SCRIPTS/YAAPU/failsafe.wav,Failsafe,extras,calm,A prompt the Yaapu telemetry script plays.,
SOUNDS/en/SCRIPTS/YAAPU/fence.wav,Fence enabled,extras,calm,A prompt the Yaapu telemetry script plays.,
SOUNDS/en/SCRIPTS/YAAPU/fencebreach.wav,Fence breach,extras,alert,A prompt the Yaapu telemetry script plays.,
SOUNDS/en/SCRIPTS/YAAPU/flip.wav,Flip flight mode,extras,calm,A prompt the Yaapu telemetry script plays.,
SOUNDS/en/SCRIPTS/YAAPU/flowhold.wav,Flow position hold flight mode,extras,calm,A prompt the Yaapu telemetry script plays.,
SOUNDS/en/SCRIPTS/YAAPU/flybywirea.wav,Fly by wire A flight mode,extras,calm,A prompt the Yaapu telemetry script plays.,
SOUNDS/en/SCRIPTS/YAAPU/flybywireb.wav,Fly by wire B flight mode,extras,calm,A prompt the Yaapu telemetry script plays.,
SOUNDS/en/SCRIPTS/YAAPU/follow.wav,Follow flight mode,extras,calm,A prompt the Yaapu telemetry script plays.,
SOUNDS/en/SCRIPTS/YAAPU/follow_r.wav,Follow mode,extras,calm,A prompt the Yaapu telemetry script plays.,
SOUNDS/en/SCRIPTS/YAAPU/gpsfix.wav,GPS 3D fix lock,extras,calm,A prompt the Yaapu telemetry script plays.,
SOUNDS/en/SCRIPTS/YAAPU/gpsnofix.wav,No gps,extras,calm,A prompt the Yaapu telemetry script plays.,
SOUNDS/en/SCRIPTS/YAAPU/guided.wav,Guided flight mode,extras,calm,A prompt the Yaapu telemetry script plays.,
SOUNDS/en/SCRIPTS/YAAPU/guided_r.wav,Guided mode,extras,calm,A prompt the Yaapu telemetry script plays.,
SOUNDS/en/SCRIPTS/YAAPU/guidednogps.wav,Guided no gps flight mode,extras,calm,A prompt the Yaapu telemetry script plays.,
SOUNDS/en/SCRIPTS/YAAPU/hold_r.wav,Hold mode,extras,calm,A prompt the Yaapu telemetry script plays.,
SOUNDS/en/SCRIPTS/YAAPU/initializing.wav,Initializing,extras,calm,A prompt the Yaapu telemetry script plays.,
SOUNDS/en/SCRIPTS/YAAPU/initializing_r.wav,Initializing,extras,calm,A prompt the Yaapu telemetry script plays.,
SOUNDS/en/SCRIPTS/YAAPU/land.wav,Land flight mode,extras,calm,A prompt the Yaapu telemetry script plays.,
SOUNDS/en/SCRIPTS/YAAPU/landing.wav,Landing complete,extras,calm,A prompt the Yaapu telemetry script plays.,
SOUNDS/en/SCRIPTS/YAAPU/loiter.wav,Loiter flight mode,extras,calm,A prompt the Yaapu telemetry script plays.,
SOUNDS/en/SCRIPTS/YAAPU/loiter_r.wav,Loiter mode,extras,calm,A prompt the Yaapu telemetry script plays.,
SOUNDS/en/SCRIPTS/YAAPU/lowbat.wav,Low battery,extras,alert,A prompt the Yaapu telemetry script plays.,
SOUNDS/en/SCRIPTS/YAAPU/manual.wav,Manual flight mode,extras,calm,A prompt the Yaapu telemetry script plays.,
SOUNDS/en/SCRIPTS/YAAPU/manual_r.wav,Manual mode,extras,calm,A prompt the Yaapu telemetry script plays.,
SOUNDS/en/SCRIPTS/YAAPU/maxalt.wav,Max altitude alert,extras,alert,A prompt the Yaapu telemetry script plays.,
SOUNDS/en/SCRIPTS/YAAPU/maxdist.wav,Max distance alert,extras,alert,A prompt the Yaapu telemetry script plays.,
SOUNDS/en/SCRIPTS/YAAPU/minalt.wav,Low altitude alert,extras,alert,A prompt the Yaapu telemetry script plays.,
SOUNDS/en/SCRIPTS/YAAPU/poshold.wav,Position hold flight mode,extras,calm,A prompt the Yaapu telemetry script plays.,
SOUNDS/en/SCRIPTS/YAAPU/qacro.wav,Q acro flight mode,extras,calm,A prompt the Yaapu telemetry script plays.,
SOUNDS/en/SCRIPTS/YAAPU/qautotune.wav,Q autotune flight mode,extras,calm,A prompt the Yaapu telemetry script plays.,
SOUNDS/en/SCRIPTS/YAAPU/qhover.wav,Q hover flight mode,extras,calm,A prompt the Yaapu telemetry script plays.,
SOUNDS/en/SCRIPTS/YAAPU/qland.wav,Q land flight mode,extras,calm,A prompt the Yaapu telemetry script plays.,
SOUNDS/en/SCRIPTS/YAAPU/qloiter.wav,Q loiter flight mode,extras,calm,A prompt the Yaapu telemetry script plays.,
SOUNDS/en/SCRIPTS/YAAPU/qrtl.wav,Q return to home flight mode,extras,calm,A prompt the Yaapu telemetry script plays.,
SOUNDS/en/SCRIPTS/YAAPU/qstabilize.wav,Q stabilize flight mode,extras,calm,A prompt the Yaapu telemetry script plays.,
SOUNDS/en/SCRIPTS/YAAPU/rtl.wav,Return to home,extras,calm,A prompt the Yaapu telemetry script plays.,
SOUNDS/en/SCRIPTS/YAAPU/rtl_r.wav,Return to home mode,extras,calm,A prompt the Yaapu telemetry script plays.,
SOUNDS/en/SCRIPTS/YAAPU/simple_r.wav,Simple mode,extras,calm,A prompt the Yaapu telemetry script plays.,
SOUNDS/en/SCRIPTS/YAAPU/simpleoff.wav,Simple mode disabled,extras,calm,A prompt the Yaapu telemetry script plays.,
SOUNDS/en/SCRIPTS/YAAPU/simpleon.wav,Simple mode enabled,extras,calm,A prompt the Yaapu telemetry script plays.,
SOUNDS/en/SCRIPTS/YAAPU/smartrtl.wav,Smart return to home flight mode,extras,calm,A prompt the Yaapu telemetry script plays.,
SOUNDS/en/SCRIPTS/YAAPU/smartrtl_r.wav,Smart return to home mode,extras,calm,A prompt the Yaapu telemetry script plays.,
SOUNDS/en/SCRIPTS/YAAPU/sport.wav,Sport flight mode,extras,calm,A prompt the Yaapu telemetry script plays.,
SOUNDS/en/SCRIPTS/YAAPU/ssimpleoff.wav,Super simple mode disabled,extras,calm,A prompt the Yaapu telemetry script plays.,
SOUNDS/en/SCRIPTS/YAAPU/ssimpleon.wav,Super simple mode enabled,extras,calm,A prompt the Yaapu telemetry script plays.,
SOUNDS/en/SCRIPTS/YAAPU/stabilize.wav,Stabilize flight mode,extras,calm,A prompt the Yaapu telemetry script plays.,
SOUNDS/en/SCRIPTS/YAAPU/steering_r.wav,Steering mode,extras,calm,A prompt the Yaapu telemetry script plays.,
SOUNDS/en/SCRIPTS/YAAPU/terrainko.wav,No terrain data,extras,calm,A prompt the Yaapu telemetry script plays.,
SOUNDS/en/SCRIPTS/YAAPU/thermal.wav,Thermal flight mode,extras,calm,A prompt the Yaapu telemetry script plays.,
SOUNDS/en/SCRIPTS/YAAPU/throw.wav,Throw flight mode,extras,calm,A prompt the Yaapu telemetry script plays.,
SOUNDS/en/SCRIPTS/YAAPU/timealert.wav,Timer alert,extras,alert,A prompt the Yaapu telemetry script plays.,
SOUNDS/en/SCRIPTS/YAAPU/training.wav,Training flight mode,extras,calm,A prompt the Yaapu telemetry script plays.,
SOUNDS/en/SCRIPTS/YAAPU/turtle.wav,Turtle mode,extras,calm,A prompt the Yaapu telemetry script plays.,
SOUNDS/en/SCRIPTS/YAAPU/zigzag.wav,Zigzag flight mode,extras,calm,A prompt the Yaapu telemetry script plays.,
SOUNDS/en/SCRIPTS/YAAPU/takeofffm.wav,Takeoff flight mode,extras,calm,A prompt the Yaapu telemetry script plays.,
SOUNDS/en/SCRIPTS/YAAPU/systemid.wav,System I D flight mode,extras,calm,A prompt the Yaapu telemetry script plays.,
SOUNDS/en/SCRIPTS/YAAPU/autorotate.wav,Autorotate flight mode,extras,calm,A prompt the Yaapu telemetry script plays.,
SOUNDS/en/SCRIPTS/YAAPU/velocity.wav,Velocity flight mode,extras,calm,A prompt the Yaapu telemetry script plays.,
SOUNDS/en/SCRIPTS/YAAPU/yaapu.wav,Yaa-pu telemetry ready,extras,calm,A prompt the Yaapu telemetry script plays.,
SOUNDS/en/SCRIPTS/YAAPU/altctl.wav,Altitude control mode,extras,calm,A prompt the Yaapu telemetry script plays.,
SOUNDS/en/SCRIPTS/YAAPU/posctl.wav,Position control mode,extras,calm,A prompt the Yaapu telemetry script plays.,
SOUNDS/en/SCRIPTS/YAAPU/ready.wav,Ready,extras,calm,A prompt the Yaapu telemetry script plays.,
SOUNDS/en/SCRIPTS/YAAPU/takeoff.wav,Auto takeoff mode,extras,calm,A prompt the Yaapu telemetry script plays.,
SOUNDS/en/SCRIPTS/YAAPU/mission.wav,Auto mission mode,extras,calm,A prompt the Yaapu telemetry script plays.,
SOUNDS/en/SCRIPTS/YAAPU/rtgs.wav,Link loss failsafe mode,extras,calm,A prompt the Yaapu telemetry script plays.,
SOUNDS/en/SCRIPTS/YAAPU/precland.wav,Precision landing mode,extras,calm,A prompt the Yaapu telemetry script plays.,
SOUNDS/en/SCRIPTS/YAAPU/offboard.wav,Offboard mode,extras,calm,A prompt the Yaapu telemetry script plays.,
SOUNDS/en/SCRIPTS/YAAPU/rattitude.wav,Rate attitude mode,extras,calm,A prompt the Yaapu telemetry script plays.,
SOUNDS/en/SCRIPTS/YAAPU/simple.wav,Simple mode,extras,calm,A prompt the Yaapu telemetry script plays.,
SOUNDS/en/SCRIPTS/YAAPU/264977348.wav,PreArming Need 3D Fix,extras,calm,A prompt the Yaapu telemetry script plays.,
SOUNDS/en/SCRIPTS/YAAPU/1834616480.wav,Smart RTL Unavailable,extras,alert,A prompt the Yaapu telemetry script plays.,
SOUNDS/en/SCRIPTS/YAAPU/2386213680.wav,EKF variance,extras,calm,A prompt the Yaapu telemetry script plays.,
SOUNDS/en/SCRIPTS/YAAPU/2310179660.wav,GPS Glitch cleared,extras,alert,A prompt the Yaapu telemetry script plays.,
SOUNDS/en/SCRIPTS/YAAPU/4137200300.wav,GPS Glitch,extras,alert,A prompt the Yaapu telemetry script plays.,
SOUNDS/en/SCRIPTS/YAAPU/2664106240.wav,Parachute Released,extras,calm,A prompt the Yaapu telemetry script plays.,
SOUNDS/en/SCRIPTS/YAAPU/656739232.wav,Flight plan received,extras,calm,A prompt the Yaapu telemetry script plays.,
SOUNDS/en/SCRIPTS/YAAPU/3708582640.wav,Mission complete,extras,calm,A prompt the Yaapu telemetry script plays.,
SOUNDS/en/SCRIPTS/YAAPU/1809087708.wav,Geofence triggered,extras,calm,A prompt the Yaapu telemetry script plays.,
SOUNDS/en/SCRIPTS/YAAPU/116655276.wav,Flight mode change failed,extras,alert,A prompt the Yaapu telemetry script plays.,
SOUNDS/en/SCRIPTS/YAAPU/1008001424.wav,AutoTune Success,extras,calm,A prompt the Yaapu telemetry script plays.,
SOUNDS/en/SCRIPTS/YAAPU/1396289024.wav,AutoTune Failed,extras,alert,A prompt the Yaapu telemetry script plays.,
SOUNDS/en/SCRIPTS/YAAPU/986165592.wav,Transition done,extras,calm,A prompt the Yaapu telemetry script plays.,
SOUNDS/en/SCRIPTS/YAAPU/1249672288.wav,Transition started,extras,calm,A prompt the Yaapu telemetry script plays.,
SOUNDS/en/SCRIPTS/YAAPU/4019153925.wav,Transition done,extras,calm,A prompt the Yaapu telemetry script plays.,
SOUNDS/en/SCRIPTS/YAAPU/3417557720.wav,Transition VTOL done,extras,calm,A prompt the Yaapu telemetry script plays.,
SOUNDS/en/SCRIPTS/YAAPU/1204090832.wav,Land descend started,extras,calm,A prompt the Yaapu telemetry script plays.,
SOUNDS/en/SCRIPTS/YAAPU/2890289840.wav,Land final started,extras,calm,A prompt the Yaapu telemetry script plays.,
SOUNDS/en/SCRIPTS/YAAPU/1883944664.wav,Soaring Outside max radius,extras,calm,A prompt the Yaapu telemetry script plays.,
SOUNDS/en/SCRIPTS/YAAPU/4175833240.wav,Soaring Disabled,extras,calm,A prompt the Yaapu telemetry script plays.,
SOUNDS/en/SCRIPTS/YAAPU/2599859119.wav,Soaring not climbing,extras,calm,A prompt the Yaapu telemetry script plays.,
SOUNDS/en/SCRIPTS/YAAPU/636067590.wav,Soaring drifted too far,extras,alert,A prompt the Yaapu telemetry script plays.,
SOUNDS/en/SCRIPTS/YAAPU/2730864352.wav,Soaring Too high,extras,alert,A prompt the Yaapu telemetry script plays.,
SOUNDS/en/SCRIPTS/YAAPU/1698465616.wav,Soaring Too low,extras,alert,A prompt the Yaapu telemetry script plays.,
SOUNDS/en/SCRIPTS/YAAPU/981284144.wav,Soaring Thermal ended,extras,calm,A prompt the Yaapu telemetry script plays.,
SOUNDS/en/SCRIPTS/YAAPU/2913564252.wav,Soaring Drifted too far,extras,alert,A prompt the Yaapu telemetry script plays.,
SOUNDS/en/SCRIPTS/YAAPU/1746499976.wav,Soaring Exit via RC switch,extras,calm,A prompt the Yaapu telemetry script plays.,
SOUNDS/en/SCRIPTS/YAAPU/883458048.wav,Soaring Enabled,extras,calm,A prompt the Yaapu telemetry script plays.,
SOUNDS/en/SCRIPTS/YAAPU/2139150204.wav,Soaring thermal weak,extras,alert,A prompt the Yaapu telemetry script plays.,
SOUNDS/en/SCRIPTS/YAAPU/1352994600.wav,Soaring reached upper altitude,extras,calm,A prompt the Yaapu telemetry script plays.,
SOUNDS/en/SCRIPTS/YAAPU/4026147344.wav,Soaring reached lower altitude,extras,calm,A prompt the Yaapu telemetry script plays.,
SOUNDS/en/SCRIPTS/YAAPU/4091124880.wav,Reached command,extras,calm,A prompt the Yaapu telemetry script plays.,
SOUNDS/en/SCRIPTS/YAAPU/3311875476.wav,Reached waypoint,extras,calm,A prompt the Yaapu telemetry script plays.,
SOUNDS/en/SCRIPTS/YAAPU/1997782032.wav,Passed waypoint,extras,calm,A prompt the Yaapu telemetry script plays.,
SOUNDS/en/SCRIPTS/YAAPU/554623408.wav,Takeoff complete,extras,calm,A prompt the Yaapu telemetry script plays.,
SOUNDS/en/SCRIPTS/YAAPU/3025044912.wav,Smart RTL deactivated,extras,calm,A prompt the Yaapu telemetry script plays.,
SOUNDS/en/SCRIPTS/YAAPU/3956583920.wav,GPS home acquired,extras,calm,A prompt the Yaapu telemetry script plays.,
SOUNDS/en/SCRIPTS/YAAPU/1309405592.wav,GPS home acquired,extras,calm,A prompt the Yaapu telemetry script plays.,
SOUNDS/en/SCRIPTS/INAV/autotn.wav,Auto Tune,extras,calm,A prompt the Inav telemetry script plays.,
SOUNDS/en/SCRIPTS/INAV/autolm.wav,Auto Level Trim,extras,calm,A prompt the Inav telemetry script plays.,
SOUNDS/en/SCRIPTS/INAV/soarng.wav,Soaring,extras,calm,A prompt the Inav telemetry script plays.,
SOUNDS/en/SCRIPTS/INAV/beeper.wav,Beeper,extras,calm,A prompt the Inav telemetry script plays.,
